x_m,radius_m
-0.14947487519031247,0.044721359549995794
-0.14742788419408887,0.044721359549995794
-0.14538089319786524,0.044721359549995794
-0.14333390220164163,0.044721359549995794
-0.141286911205418,0.044721359549995794
-0.1392399202091944,0.044721359549995794
-0.1371929292129708,0.044721359549995794
-0.13514593821674717,0.044721359549995794
-0.13309894722052357,0.044721359549995794
-0.13105195622429994,0.044721359549995794
-0.12900496522807633,0.044721359549995794
-0.12695797423185273,0.044721359549995794
-0.1249109832356291,0.044721359549995794
-0.1228639922394055,0.044721359549995794
-0.12081700124318187,0.044721359549995794
-0.11877001024695827,0.044721359549995794
-0.11672301925073465,0.044721359549995794
-0.11467602825451104,0.044721359549995794
-0.11262903725828743,0.044721359549995794
-0.1105820462620638,0.044721359549995794
-0.1085350552658402,0.044721359549995794
-0.10648806426961659,0.044721359549995794
-0.10444107327339297,0.044721359549995794
-0.10239408227716937,0.044721359549995794
-0.10034709128094574,0.044721359549995794
-0.09830010028472214,0.044721359549995794
-0.09625310928849852,0.044721359549995794
-0.0942061182922749,0.044721359549995794
-0.09215912729605129,0.044721359549995794
-0.09011213629982767,0.044721359549995794
-0.08806514530360407,0.044721359549995794
-0.08601815430738045,0.044721359549995794
-0.08397116331115684,0.044721359549995794
-0.08192417231493322,0.044721359549995794
-0.0798771813187096,0.044721359549995794
-0.077830190322486,0.044721359549995794
-0.07578319932626239,0.044721359549995794
-0.07373620833003877,0.044721359549995794
-0.07168921733381516,0.044721359549995794
-0.06964222633759154,0.044721359549995794
-0.06860889853401503,0.044709493915074276
-0.06757611566779281,0.04467390326778938
-0.06654442238890015,0.0446146063772801
-0.06551436277270588,0.04453163451444663
-0.06448648003304791,0.044425031435459346
-0.06346131623576318,0.04429485335868344
-0.06243941201282292,0.04414116893503152
-0.06142130627722423,0.04396405921175977
-0.060407535938788,0.043763617589726744
-0.059398635621013336,0.04353994977413734
-0.05839513737913772,0.04329317371879793
-0.057397570419551465,0.04302341956391206
-0.05640646082071468,0.04273082956744955
-0.05542233125572368,0.04241555803012504
-0.05444570071667328,0.042077771214025776
-0.053477084240960364,0.041717647254931364
-0.05251699263967291,0.041335376068371815
-0.05156593222820792,0.040931159249473374
-0.05062440455926007,0.04050520996664504
-0.04965143387446419,0.040051506285164414
-0.04867846318966832,0.039597802603683785
-0.047705492504872445,0.039144098922203156
-0.04673252182007657,0.03869039524072252
-0.0457595511352807,0.0382366915592419
-0.04478658045048482,0.037782987877761263
-0.04381360976568895,0.03732928419628064
-0.04284063908089308,0.036875580514800006
-0.0418676683960972,0.03642187683331938
-0.04089469771130133,0.03596817315183875
-0.039921727026505455,0.03551446947035812
-0.03894875634170958,0.03506076578887749
-0.0379757856569137,0.03460706210739686
-0.03700281497211783,0.034153358425916235
-0.03602984428732196,0.033699654744435606
-0.03505687360252609,0.03324595106295498
-0.03408390291773021,0.03279224738147435
-0.033110932232934334,0.03233854369999371
-0.03213796154813846,0.031884840018513085
-0.03116499086334259,0.031431136337032456
-0.030192020178546716,0.030977432655551827
-0.029219049493750843,0.0305237289740712
-0.02824607880895497,0.03007002529259057
-0.027273108124159093,0.02961632161110994
-0.02630013743936322,0.029162617929629313
-0.025327166754567344,0.02870891424814868
-0.02435419606977147,0.028255210566668052
-0.023381225384975602,0.027801506885187427
-0.022408254700179722,0.02734780320370679
-0.021435284015383853,0.026894099522226166
-0.020462313330587976,0.026440395840745534
-0.019489342645792104,0.025986692159264906
-0.01851637196099623,0.025532988477784277
-0.017543401276200354,0.02507928479630365
-0.016570430591404485,0.02462558111482302
-0.015597459906608609,0.02417187743334239
-0.014624489221812732,0.02371817375186176
-0.013651518537016856,0.02326447007038113
-0.012678547852220983,0.022810766388900505
-0.012258597926282328,0.022618860927971853
-0.011838648000343673,0.02243468822008431
-0.01141869807440502,0.02225809425642177
-0.010998748148466365,0.022088935183934535
-0.01057879822252771,0.02192707660098357
-0.010158848296589057,0.0217723929231171
-0.009738898370650402,0.021624766811070208
-0.009318948444711747,0.021484088654142502
-0.008898998518773092,0.021350256103014217
-0.008479048592834437,0.021223173646832558
-0.008059098666895782,0.021102752230061105
-0.007639148740957129,0.02098890890515262
-0.007219198815018473,0.02088156651759515
-0.006799248889079819,0.02078065342030478
-0.006379298963141164,0.02068610321470607
-0.00595934903720251,0.020597854516161692
-0.005539399111263855,0.020515850741692935
-0.0051194491853252,0.02044003991817863
-0.004699499259386546,0.020370374509436927
-0.004279549333447891,0.02030681126078599
-0.003859599407509238,0.02024931105985016
-0.0034396494815705832,0.020197838812530206
-0.0030196995556319283,0.020152363333193094
-0.002599749629693275,0.020112857248259588
-0.0021797997037546184,0.020079296912480296
-0.0017598497778159635,0.020051662337292893
-0.0013398998518773086,0.02002993713074764
-0.0009199499259386554,0.020014108448575933
-0.0005,0.02000416695605872
-0.0004791666666666667,0.020003827194047804
-0.0004583333333333333,0.020003503350566002
-0.0004375,0.020003196389767185
-0.0004166666666666667,0.020002906807382044
-0.0003958333333333333,0.02000263469235548
-0.000375,0.02000237978848399
-0.0003541666666666667,0.02000214155605305
-0.0003333333333333334,0.02000191923347449
-0.00031249999999999995,0.020001711898923906
-0.00029166666666666664,0.020001518531978013
-0.0002708333333333333,0.020001338075252048
-0.00025,0.020001169496037155
-0.00022916666666666664,0.020001011847937757
-0.00020833333333333332,0.02000086433250895
-0.0001875,0.020000726360893898
-0.0001666666666666667,0.02000059761546119
-0.00014583333333333332,0.020000478111442253
-0.00012499999999999995,0.02000036825856872
-0.00010416666666666669,0.02000026892270982
-8.333333333333332e-05,0.02000018148750976
-6.25e-05,0.02000010791602512
-4.1666666666666686e-05,0.02000005081236222
-2.083333333333337e-05,0.02000001348331452
0.0,0.02
2.0833333333333333e-05,0.020000016021029257
4.1666666666666665e-05,0.020000070269116852
6.25e-05,0.020000170813521644
8.333333333333333e-05,0.02000032421022809
0.00010416666666666667,0.020000535624088028
0.000125,0.020000808950962443
0.00014583333333333335,0.020001146939863275
0.00016666666666666666,0.020001551315095168
0.00018750000000000003,0.020002022898397278
0.00020833333333333335,0.020002561731085042
0.00022916666666666666,0.020003167196191957
0.00025,0.02000383814061138
0.0002708333333333334,0.020004572997238276
0.0002916666666666667,0.02000536990711103
0.0003125,0.02000622684155322
0.0003333333333333333,0.020007141724315388
0.0003541666666666667,0.020008112553716827
0.00037500000000000006,0.020009137524787373
0.0003958333333333333,0.02001021515140917
0.0004166666666666667,0.020011344388458464
0.0004375,0.020012524753947374
0.0004583333333333333,0.020013756451165675
0.00047916666666666664,0.0200150404908226
0.0005,0.02001637881318858
0.0005499666134287556,0.020019820427042832
0.0005999332268575113,0.02002359138942032
0.0006498998402862669,0.020027692189776094
0.0006998664537150225,0.020032123361478294
0.0007498330671437782,0.020036885482158134
0.0007997996805725338,0.020041979174090396
0.0008497662940012894,0.02004740510460493
0.000899732907430045,0.020053163986529864
0.0009496995208588008,0.0200592565786672
0.0009996661342875563,0.020065683686301544
0.001049632747716312,0.020072446161742787
0.0010995993611450676,0.020079544904903584
0.0011495659745738233,0.020086980863912623
0.0011995325880025788,0.02009475503576459
0.0012494992014313346,0.020102868467007994
0.00129946581486009,0.020111322254471906
0.0013494324282888458,0.020120117546032885
0.0013993990417176016,0.02012925554142335
0.001449365655146357,0.020138737493082773
0.0014993322685751126,0.020148564707053167
0.0015492988820038683,0.020158738543920446
0.0015992654954326239,0.020169260419803228
0.0016492321088613796,0.020180131807390922
0.0016991987222901353,0.020191354237032912
0.0017491653357188908,0.020202929297880826
0.0017991319491476466,0.020214858639085974
0.001849098562576402,0.020227143971054216
0.0018990651760051576,0.020239787066760547
0.0019490317894339134,0.020252789763126
0.00201569845610058,0.020270685530336518
0.0020823651227672465,0.020289144353171838
0.0021490317894339132,0.020308114293544476
0.00221569845610058,0.02032757124204407
0.0022823651227672466,0.020347515296562396
0.0023490317894339133,0.02036796714091843
0.00241569845610058,0.020388964423483376
0.0024823651227672467,0.02041055813580572
0.0025490317894339134,0.020432808991236253
0.00261569845610058,0.020455783803553125
0.002682365122767247,0.020479551865586882
0.0027490317894339135,0.020504181327845514
0.00281569845610058,0.02052973557713948
0.0028823651227672465,0.020556269615206756
0.0029490317894339136,0.020583826437337884
0.00301569845610058,0.020612433411001007
0.003082365122767247,0.020642098654466905
0.0031490317894339133,0.020672807415434043
0.00321569845610058,0.020704518449653604
0.0032823651227672467,0.020737160399554536
0.0033490317894339138,0.020770628172868597
0.00341569845610058,0.020804779321255382
0.0034823651227672467,0.020839430418927378
0.0035490317894339134,0.020874353441274994
0.00361569845610058,0.02090932383262633
0.003682365122767247,0.02094429019345836
0.0037490317894339135,0.020979249120180274
0.0038156984561005802,0.021014197846406384
0.003882365122767247,0.021049134191567606
0.003949031789433914,0.02108405650952293
0.00401569845610058,0.02111896363717088
0.004082365122767247,0.02115385484306098
0.004149031789433913,0.021188729776005225
0.00421569845610058,0.02122358841368956
0.004282365122767247,0.021258431011285318
0.004349031789433914,0.021293258050060722
0.00441569845610058,0.021328070185992323
0.004482365122767246,0.021362868198376492
0.0045490317894339135,0.02139765293844087
0.00461569845610058,0.021432425277955837
0.004682365122767247,0.021467186057845988
0.004749031789433913,0.0215019360368016
0.00481569845610058,0.021536675839890086
0.0048823651227672465,0.02157140590716748
0.004949031789433914,0.021606126442289892
0.00501569845610058,0.021640837361124984
0.005082365122767247,0.021675538240363428
0.005149031789433913,0.021710228266130383
0.005732206759728598,0.022013169983248364
0.006315381730023282,0.022315181718078433
0.006898556700317967,0.022616256886923303
0.0074817316706126515,0.022916388828036288
0.008064906640907336,0.02321557080031977
0.008648081611202021,0.023513795981995555
0.009231256581496705,0.02381105746924655
0.009814431551791389,0.024107348274828792
0.010397606522086076,0.024402661326653228
0.01098078149238076,0.02469698946633627
0.011563956462675443,0.024990325447718415
0.012147131432970127,0.025282661935349976
0.012730306403264812,0.025573991502943063
0.013313481373559498,0.025864306631788903
0.013896656343854182,0.0261535997091395
0.014479831314148865,0.026441863026552728
0.015063006284443552,0.02672908877819972
0.015646181254738236,0.027015269059133627
0.01622935622503292,0.02730039586351856
0.016812531195327607,0.027584461082817705
0.01739570616562229,0.0278674565039393
0.017978881135916974,0.02814937380733941
0.018562056106211658,0.028430204565080195
0.01914523107650634,0.028709940238842397
0.01972840604680103,0.028988572177890755
0.020311581017095712,0.029266091616990873
0.020894755987390396,0.029542489674276275
0.02147793095768508,0.02981775734906408
0.022061105927979763,0.030091885519617736
0.02264428089827445,0.030364864940855406
0.023227455868569134,0.030636686242002158
0.023810630838863818,0.03090733992418449
0.024393805809158505,0.031176816357965223
0.02497698077945319,0.03144510578081722
0.025560155749747872,0.03171219829453375
0.02614333072004256,0.0319780838625738
0.026726505690337243,0.03224275230734021
0.027309680660631927,0.032506193307388534
0.02789285563092661,0.032768396394564546
0.028476030601221298,0.033029350951068015
0.02905920557151598,0.03328904620644054
0.029642380541810665,0.03354747123447499
0.030225555512105352,0.03380461495004397
0.030808730482400036,0.03406046610584483
0.03139190545269472,0.034315013289058435
0.0319750804229894,0.034568244917918885
0.032558255393284094,0.03482014923819129
0.03314143036357877,0.035070714319554566
0.033724605333873454,0.03531992805188616
0.034307780304168145,0.03556777814144531
0.03489095527446283,0.03581425210695145
0.03547413024475751,0.03605933727555448
0.036057305215052196,0.03630302077869272
0.03664048018534688,0.03654528954783529
0.03722365515564157,0.03678613031010447
0.03780683012593625,0.03702552958377411
0.03839000509623094,0.03726347367363978
0.038973180066525615,0.037499948666256125
0.039556355036820305,0.037734940425036605
0.04013953000711499,0.037968434585211
0.04072270497740967,0.03820041654863542
0.041305879947704356,0.038430871478449494
0.04188905491799905,0.038659784293575306
0.042472229888293724,0.03888713966305222
0.04305540485858841,0.03911292200020172
0.0436385798288831,0.03933711545661573
0.044221754799177775,0.0395597039159621
0.044804929769472465,0.03978067098760026
0.04538810473976715,0.039999999999999994
